order_payment,order_type,order_status,customer_no,order_time
CASH,BOX,Cancelled,6844,2018-04-06 15:06:26
CASH,BOX,Cancelled,3435,2018-04-07 13:27:34
CASH,BOX,Cancelled,3032,2018-04-07 14:49:55
CASH,BOX,Cancelled,3593,2018-04-03 20:31:00
CASH,BOX,Cancelled,8265,2018-04-05 12:09:52
CASH,BOX,Cancelled,2151,2018-04-04 19:23:19
CASH,BOX,Cancelled,2188,2018-04-09 12:33:39
CASH,BOX,Cancelled,7670,2018-04-05 22:23:29
CASH,BOX,Cancelled,7659,2018-04-03 22:55:07
CASH,BOX,Cancelled,7525,2018-04-10 10:18:08
CASH,BOX,Cancelled,5131,2018-04-07 08:27:13
CASH,BOX,Cancelled,6182,2018-04-06 20:57:33
CASH,BOX,Cancelled,9647,2018-04-04 22:18:08
CASH,BOX,Cancelled,3957,2018-04-08 15:34:59
CASH,BOX,Cancelled,8328,2018-04-09 23:24:04
CASH,BOX,Cancelled,2063,2018-04-08 17:54:37
CASH,BOX,Cancelled,2571,2018-04-05 12:34:34
CASH,BOX,Cancelled,9926,2018-04-08 19:29:49
CASH,BOX,Cancelled,2060,2018-04-10 16:08:25
CASH,BOX,Cancelled,407,2018-04-04 15:30:40
CASH,BOX,Cancelled,5048,2018-04-08 21:16:28
CASH,BOX,Cancelled,8228,2018-04-09 00:38:59
CASH,BOX,Cancelled,6463,2018-04-06 02:21:58
CASH,BOX,Cancelled,5046,2018-04-09 21:41:48
CASH,BOX,Cancelled,64,2018-04-10 02:14:36
CASH,BOX,Cancelled,4132,2018-04-09 19:17:17
CASH,BOX,Cancelled,6892,2018-04-04 11:24:05
CASH,BOX,Cancelled,3508,2018-04-09 19:47:58
CASH,BOX,Cancelled,1601,2018-04-06 20:39:31
CASH,BOX,Cancelled,8218,2018-04-09 08:22:19
CASH,BOX,Cancelled,6170,2018-04-07 15:15:55
CASH,BOX,Cancelled,3196,2018-04-06 17:08:55
CASH,BOX,Cancelled,9700,2018-04-04 00:47:22
CASH,BOX,Cancelled,4565,2018-04-04 10:26:11
CASH,BOX,Cancelled,2329,2018-04-06 11:10:54
CASH,BOX,Cancelled,9890,2018-04-04 14:19:39
CASH,BOX,Cancelled,885,2018-04-09 22:24:38
CASH,BOX,Cancelled,5937,2018-04-08 07:34:28
CASH,BOX,Cancelled,3997,2018-04-09 13:07:47
CASH,BOX,Cancelled,4815,2018-04-03 19:04:08
CASH,BOX,Cancelled,2998,2018-04-10 11:47:07
CASH,BOX,Cancelled,7002,2018-04-04 23:54:19
CASH,BOX,Cancelled,4524,2018-04-05 13:07:20
CASH,BOX,Cancelled,5334,2018-04-08 16:37:44
CASH,BOX,Cancelled,4949,2018-04-06 21:11:47
CASH,BOX,Cancelled,9920,2018-04-10 16:18:54
CASH,BOX,Cancelled,7853,2018-04-08 17:28:18
CASH,BOX,Cancelled,5720,2018-04-07 09:30:51
CASH,BOX,Cancelled,4374,2018-04-08 11:57:33
CASH,BOX,Cancelled,5206,2018-04-08 15:43:09
CASH,BOX,Cancelled,14,2018-04-03 20:20:15
CASH,BOX,Cancelled,2797,2018-04-07 08:45:28
CASH,BOX,Cancelled,6215,2018-04-06 20:41:30
CASH,BOX,Cancelled,3798,2018-04-05 06:45:45
CASH,BOX,Cancelled,9309,2018-04-04 18:27:30
CASH,BOX,Cancelled,1955,2018-04-05 00:51:37
CASH,BOX,Cancelled,1445,2018-04-04 10:28:13
CASH,BOX,Cancelled,6653,2018-04-03 22:58:00
CASH,BOX,Cancelled,822,2018-04-10 11:35:17
CASH,BOX,Cancelled,7202,2018-04-10 14:31:56
CASH,BOX,Cancelled,4326,2018-04-08 12:13:07
CASH,BOX,Cancelled,654,2018-04-08 06:40:47
GOPAY,BOX,Cancelled,9351,2018-04-10 14:30:47
CASH,BOX,Cancelled,705,2018-04-06 10:30:47
CASH,BOX,Cancelled,5059,2018-04-03 19:04:08
CASH,BOX,Cancelled,5681,2018-04-08 11:59:52
CASH,BOX,Cancelled,6075,2018-04-09 11:26:16
CASH,BOX,Cancelled,8470,2018-04-08 23:44:56
CASH,BOX,Cancelled,6526,2018-04-08 23:29:19
CASH,BOX,Cancelled,9693,2018-04-05 00:37:43
CASH,BOX,Cancelled,1336,2018-04-10 09:15:38
CASH,BOX,Cancelled,9453,2018-04-08 10:09:38
CASH,BOX,Cancelled,1072,2018-04-09 09:20:46
CASH,BOX,Cancelled,9560,2018-04-09 09:21:01
CASH,BOX,Cancelled,7255,2018-04-08 16:50:26
CASH,BOX,Cancelled,1939,2018-04-06 10:56:10
CASH,BOX,Cancelled,5812,2018-04-09 01:46:04
CASH,BOX,Cancelled,3897,2018-04-09 13:32:58
CASH,BOX,Cancelled,6202,2018-04-08 13:19:16
CASH,CAR,Cancelled,8552,2018-04-10 06:18:13.950
CASH,CAR,Cancelled,8907,2018-04-10 05:00:23.422
CASH,CAR,Cancelled,2923,2018-04-10 12:04:53.618
CASH,CAR,Cancelled,1290,2018-04-10 13:33:55.046
CASH,CAR,Cancelled,2289,2018-04-10 01:33:37.816
CASH,CAR,Cancelled,1012,2018-04-10 08:16:15.556
CASH,CAR,Cancelled,1425,2018-04-10 06:29:20.662
CASH,CAR,Cancelled,8519,2018-04-09 12:36:20.705
CASH,CAR,Cancelled,9070,2018-04-09 11:26:25.734
CASH,CAR,Cancelled,290,2018-04-09 11:57:20.282
CASH,CAR,Cancelled,9869,2018-04-09 10:25:31.458
CASH,CAR,Cancelled,1921,2018-04-08 11:51:47.471
CASH,CAR,Cancelled,4887,2018-04-08 09:37:11.719
CASH,CAR,Cancelled,1519,2018-04-07 17:53:50.879
CASH,CAR,Cancelled,6228,2018-04-08 06:10:35.561
CASH,CAR,Cancelled,1182,2018-04-08 08:31:47.302
CASH,CAR,Cancelled,6261,2018-04-08 06:53:44.576
CASH,CAR,Cancelled,7837,2018-04-08 05:13:46.507
CASH,CAR,Cancelled,5336,2018-04-08 00:16:15.720
CASH,CAR,Cancelled,8889,2018-04-08 14:59:14.329
CASH,CAR,Cancelled,6781,2018-04-07 21:08:53.332
CASH,CAR,Cancelled,1568,2018-04-08 06:16:58.763
CASH,CAR,Cancelled,1420,2018-04-09 10:59:11.737
CASH,CAR,Cancelled,3085,2018-04-09 15:56:08.366
CASH,CAR,Cancelled,2794,2018-04-09 09:05:03.839
CASH,CAR,Cancelled,8762,2018-04-06 15:54:52.055
CASH,CAR,Cancelled,4672,2018-04-06 11:57:10.184
CASH,CAR,Cancelled,2667,2018-04-06 07:46:12.740
CASH,CAR,Cancelled,9778,2018-04-06 10:37:53.754
CASH,CAR,Cancelled,2789,2018-04-09 12:16:08.434
CASH,CAR,Cancelled,4655,2018-04-09 11:40:52.328
CASH,CAR,Cancelled,3878,2018-04-09 13:48:05.680
CASH,CAR,Cancelled,3680,2018-04-06 03:59:01.541
CASH,CAR,Cancelled,4438,2018-04-06 13:11:45.590
CASH,CAR,Cancelled,5625,2018-04-06 04:08:33.660
CASH,CAR,Cancelled,2864,2018-04-06 13:12:56.612
CASH,CAR,Cancelled,6439,2018-04-06 13:12:30.039
CASH,CAR,Cancelled,2949,2018-04-06 05:38:24.180
CASH,CAR,Cancelled,4158,2018-04-06 11:22:36.532
CASH,CAR,Cancelled,5937,2018-04-06 03:03:53.347
CASH,CAR,Cancelled,6168,2018-04-07 10:32:10.842
CASH,CAR,Cancelled,2712,2018-04-07 01:59:32.770
CASH,CAR,Cancelled,4856,2018-04-07 08:32:50.707
CASH,CAR,Cancelled,1599,2018-04-06 22:43:17.844
CASH,CAR,Cancelled,7864,2018-04-07 06:14:17.143
CASH,CAR,Cancelled,2374,2018-04-07 09:55:22.979
CASH,CAR,Cancelled,1525,2018-04-04 10:44:30.023
CASH,CAR,Cancelled,8223,2018-04-04 15:28:17.688
CASH,CAR,Cancelled,2504,2018-04-06 17:40:01.645
CASH,CAR,Cancelled,7095,2018-04-07 04:40:37.648
CASH,CAR,Cancelled,4698,2018-04-07 09:27:00.224
CASH,CAR,Cancelled,4656,2018-04-07 11:33:34.320
CASH,CAR,Cancelled,5128,2018-04-07 12:20:45.695
CASH,CAR,Cancelled,1250,2018-04-07 08:34:47.195
CASH,CAR,Cancelled,1833,2018-04-07 01:55:06.139
CASH,CAR,Cancelled,865,2018-04-05 09:18:58.932
CASH,CAR,Cancelled,3948,2018-04-05 01:03:45.365
CASH,CAR,Cancelled,2999,2018-04-05 08:18:51.811
CASH,CAR,Cancelled,2973,2018-04-03 22:37:51.271
CASH,CAR,Cancelled,4440,2018-04-04 07:01:38.805
CASH,CAR,Cancelled,8211,2018-04-05 15:03:40.498
GOPAY,CAR,Cancelled,6289,2018-04-10 10:58:01.851
GOPAY,CAR,Cancelled,3867,2018-04-10 02:21:19.166
GOPAY,CAR,Cancelled,4805,2018-04-10 03:28:06.476
GOPAY,CAR,Cancelled,5952,2018-04-08 03:08:21.452
GOPAY,CAR,Cancelled,4755,2018-04-08 12:00:25.967
GOPAY,CAR,Cancelled,8733,2018-04-09 00:22:38.915
GOPAY,CAR,Cancelled,6721,2018-04-09 12:16:16.675
GOPAY,CAR,Cancelled,6388,2018-04-06 04:41:21.758
GOPAY,CAR,Cancelled,7878,2018-04-06 03:19:41.017
GOPAY,CAR,Cancelled,1050,2018-04-06 04:25:07.179
GOPAY,CAR,Cancelled,9718,2018-04-06 10:53:45.184
GOPAY,CAR,Cancelled,1710,2018-04-06 06:56:31.439
GOPAY,CAR,Cancelled,7666,2018-04-05 22:10:29.515
GOPAY,CAR,Cancelled,7697,2018-04-09 11:45:14.309
GOPAY,CAR,Cancelled,7067,2018-04-09 04:23:04.786
GOPAY,CAR,Cancelled,3705,2018-04-05 18:53:37.408
GOPAY,CAR,Cancelled,3797,2018-04-06 08:59:55.733
GOPAY,CAR,Cancelled,3408,2018-04-03 17:05:44.067
GOPAY,CAR,Cancelled,8292,2018-04-04 11:53:15.836
GOPAY,CAR,Cancelled,5140,2018-04-04 00:33:22.475
GOPAY,CAR,Cancelled,3125,2018-04-04 04:53:35.412
GOPAY,CAR,Cancelled,987,2018-04-07 11:34:40.915
GOPAY,CAR,Cancelled,5654,2018-04-05 15:02:38.999
GOPAY,CAR,Cancelled,8811,2018-04-05 00:06:38.191
GOPAY,CAR,Cancelled,3000,2018-04-05 14:03:32.109
GOPAY,CAR,Cancelled,2801,2018-04-05 15:22:13.895
GOPAY,CAR,Cancelled,2269,2018-04-05 01:05:45.147
CASH,CAR,Cancelled,2345,2018-04-10 10:20:00.202
CASH,CAR,Cancelled,5134,2018-04-10 08:16:27.719
CASH,CAR,Cancelled,5543,2018-04-10 11:36:35.106
CASH,CAR,Cancelled,9818,2018-04-10 03:04:24.388
CASH,CAR,Cancelled,3525,2018-04-10 10:32:04.816
CASH,CAR,Cancelled,931,2018-04-10 11:24:12.274
CASH,CAR,Cancelled,6110,2018-04-10 01:22:29.999
CASH,CAR,Cancelled,3628,2018-04-10 10:56:56.545
CASH,CAR,Cancelled,5818,2018-04-09 00:56:55.170
CASH,CAR,Cancelled,7953,2018-04-09 13:50:23.212
CASH,CAR,Cancelled,6387,2018-04-09 11:15:25.546
CASH,CAR,Cancelled,5642,2018-04-08 04:43:48.937
CASH,CAR,Cancelled,5490,2018-04-08 05:02:02.969
CASH,CAR,Cancelled,4775,2018-04-08 09:38:02.223
CASH,CAR,Cancelled,5412,2018-04-08 10:49:49.652
CASH,CAR,Cancelled,6985,2018-04-08 08:57:42.845
CASH,CAR,Cancelled,272,2018-04-08 15:48:25.926
CASH,CAR,Cancelled,7216,2018-04-08 06:40:56.096
CASH,CAR,Cancelled,4921,2018-04-08 10:09:02.724
CASH,CAR,Cancelled,3441,2018-04-08 12:16:44.323
CASH,CAR,Cancelled,8274,2018-04-08 08:49:23.357
CASH,CAR,Cancelled,6766,2018-04-08 06:27:21.389
CASH,CAR,Cancelled,2336,2018-04-09 05:48:38.965
CASH,CAR,Cancelled,631,2018-04-09 14:55:03.730
CASH,CAR,Cancelled,6519,2018-04-06 09:05:24.200
CASH,CAR,Cancelled,5182,2018-04-06 02:43:32.141
CASH,CAR,Cancelled,6536,2018-04-06 14:08:03.005
CASH,CAR,Cancelled,1154,2018-04-09 05:00:45.535
CASH,CAR,Cancelled,5508,2018-04-09 02:38:29.334
CASH,CAR,Cancelled,6548,2018-04-09 04:58:52.917
CASH,CAR,Cancelled,3359,2018-04-09 06:50:55.863
CASH,CAR,Cancelled,7340,2018-04-06 11:22:21.356
CASH,CAR,Cancelled,4787,2018-04-06 10:52:53.779
CASH,CAR,Cancelled,1804,2018-04-05 19:09:40.445
CASH,CAR,Cancelled,137,2018-04-06 07:30:37.647
CASH,CAR,Cancelled,8180,2018-04-06 15:22:20.535
CASH,CAR,Cancelled,5710,2018-04-06 01:32:05.255
CASH,CAR,Cancelled,6982,2018-04-06 15:29:16.507
CASH,CAR,Cancelled,2066,2018-04-06 13:32:52.011
CASH,CAR,Cancelled,2766,2018-04-07 11:45:31.429
CASH,CAR,Cancelled,5432,2018-04-06 18:00:54.493
CASH,CAR,Cancelled,576,2018-04-07 16:46:02.583
CASH,CAR,Cancelled,9601,2018-04-07 08:34:29.524
CASH,CAR,Cancelled,4905,2018-04-07 13:46:11.711
CASH,CAR,Cancelled,1682,2018-04-07 14:25:34.584
CASH,CAR,Cancelled,6655,2018-04-07 13:09:44.082
CASH,CAR,Cancelled,5177,2018-04-07 05:38:48.524
CASH,CAR,Cancelled,3132,2018-04-07 09:49:44.160
CASH,CAR,Cancelled,2696,2018-04-04 08:15:47.765
CASH,CAR,Cancelled,5684,2018-04-06 22:44:38.021
CASH,CAR,Cancelled,9719,2018-04-07 10:34:05.611
CASH,CAR,Cancelled,5874,2018-04-07 13:24:57.870
CASH,CAR,Cancelled,5445,2018-04-07 02:43:08.875
CASH,CAR,Cancelled,9277,2018-04-07 05:41:51.951
CASH,CAR,Cancelled,5972,2018-04-07 06:29:17.790
CASH,CAR,Cancelled,8062,2018-04-07 12:51:53.341
CASH,CAR,Cancelled,4145,2018-04-07 09:23:29.800
CASH,CAR,Cancelled,4439,2018-04-05 01:48:57.504
CASH,CAR,Cancelled,8366,2018-04-05 03:14:51.485
CASH,CAR,Cancelled,2523,2018-04-05 03:30:32.747
CASH,CAR,Cancelled,7211,2018-04-05 02:19:57.637
CASH,CAR,Cancelled,7827,2018-04-05 02:59:09.434
CASH,CAR,Cancelled,7438,2018-04-05 09:34:31.637
CASH,CAR,Cancelled,8668,2018-04-05 05:30:58.755
CASH,CAR,Cancelled,479,2018-04-04 13:25:39.711
CASH,CAR,Cancelled,34,2018-04-03 23:51:43.815
CASH,CAR,Cancelled,4797,2018-04-04 08:45:08.519
CASH,CAR,Cancelled,9903,2018-04-04 11:31:46.177
CASH,CAR,Cancelled,4405,2018-04-05 13:10:53.784
GOPAY,CAR,Cancelled,9209,2018-04-10 07:19:51.989
GOPAY,CAR,Cancelled,2329,2018-04-10 03:22:09.043
GOPAY,CAR,Cancelled,6660,2018-04-08 08:43:59.136
GOPAY,CAR,Cancelled,8572,2018-04-08 10:56:11.520
GOPAY,CAR,Cancelled,3744,2018-04-08 11:27:37.413
GOPAY,CAR,Cancelled,3548,2018-04-08 22:59:12.003
GOPAY,CAR,Cancelled,705,2018-04-06 04:58:56.567
GOPAY,CAR,Cancelled,2624,2018-04-06 07:22:09.540
GOPAY,CAR,Cancelled,9922,2018-04-06 04:58:51.906
GOPAY,CAR,Cancelled,9089,2018-04-06 00:09:38.848
GOPAY,CAR,Cancelled,7446,2018-04-06 01:27:07.267
GOPAY,CAR,Cancelled,8906,2018-04-06 10:35:22.213
GOPAY,CAR,Cancelled,7573,2018-04-06 03:51:31.238
GOPAY,CAR,Cancelled,6115,2018-04-06 14:16:17.932
GOPAY,CAR,Cancelled,7266,2018-04-06 08:47:47.259
GOPAY,CAR,Cancelled,3382,2018-04-05 23:38:03.168
GOPAY,CAR,Cancelled,634,2018-04-05 23:49:45.278
GOPAY,CAR,Cancelled,4958,2018-04-04 00:17:24.579
GOPAY,CAR,Cancelled,397,2018-04-07 11:07:09.478
GOPAY,CAR,Cancelled,7389,2018-04-07 14:08:31.006
GOPAY,CAR,Cancelled,7,2018-04-04 21:58:03.606
GOPAY,CAR,Cancelled,8479,2018-04-05 07:34:37.225
GOPAY,CAR,Cancelled,6926,2018-04-04 06:40:29.432
GOPAY,CAR,Cancelled,8340,2018-04-04 10:18:28.480
GOPAY,CAR,Cancelled,5524,2018-04-04 12:14:30.778
GOPAY,CAR,Cancelled,4530,2018-04-05 11:51:41.356
CASH,CAR,Cancelled,5235,2018-04-10 13:39:24.391
CASH,CAR,Cancelled,4154,2018-04-10 13:08:46.560
CASH,CAR,Cancelled,4584,2018-04-10 07:25:35.233
CASH,CAR,Cancelled,3918,2018-04-10 14:13:17.785
CASH,CAR,Cancelled,8659,2018-04-10 00:15:54.151
CASH,CAR,Cancelled,8324,2018-04-10 05:36:53.587
CASH,CAR,Cancelled,3375,2018-04-09 19:06:16.988
CASH,CAR,Cancelled,1628,2018-04-10 09:34:39.969
CASH,CAR,Cancelled,1084,2018-04-10 15:48:48.722
CASH,CAR,Cancelled,1792,2018-04-10 07:56:59.332
CASH,CAR,Cancelled,9165,2018-04-10 14:52:52.546
CASH,CAR,Cancelled,2169,2018-04-10 00:08:53.530
CASH,CAR,Cancelled,6601,2018-04-10 11:25:10.902
CASH,CAR,Cancelled,2378,2018-04-09 08:25:37.066
CASH,CAR,Cancelled,6671,2018-04-08 06:57:56.466
CASH,CAR,Cancelled,1505,2018-04-08 11:40:21.725
CASH,CAR,Cancelled,7372,2018-04-08 10:48:01.042
CASH,CAR,Cancelled,7335,2018-04-08 00:28:02.275
CASH,CAR,Cancelled,2737,2018-04-09 05:08:32.831
CASH,CAR,Cancelled,1697,2018-04-09 04:50:05.280
CASH,CAR,Cancelled,8567,2018-04-09 11:56:03.547
CASH,CAR,Cancelled,5748,2018-04-09 06:02:39.635
CASH,CAR,Cancelled,4980,2018-04-09 09:29:58.151
CASH,CAR,Cancelled,7961,2018-04-08 22:26:32.274
CASH,CAR,Cancelled,794,2018-04-09 06:38:08.080
CASH,CAR,Cancelled,9144,2018-04-06 09:05:34.376
CASH,CAR,Cancelled,2296,2018-04-06 06:58:41.263
CASH,CAR,Cancelled,9452,2018-04-06 12:24:48.737
CASH,CAR,Cancelled,4574,2018-04-06 08:43:33.901
CASH,CAR,Cancelled,6780,2018-04-06 12:58:34.920
CASH,CAR,Cancelled,813,2018-04-06 07:01:59.085
CASH,CAR,Cancelled,4653,2018-04-06 00:34:54.095
CASH,CAR,Cancelled,9386,2018-04-03 17:34:17.728
CASH,CAR,Cancelled,7432,2018-04-04 11:21:22.688
CASH,CAR,Cancelled,1972,2018-04-04 04:13:22.363
CASH,CAR,Cancelled,8308,2018-04-07 12:30:30.613
CASH,CAR,Cancelled,1254,2018-04-07 11:34:35.153
CASH,CAR,Cancelled,7910,2018-04-07 07:14:57.228
CASH,CAR,Cancelled,4122,2018-04-07 06:59:44.462
CASH,CAR,Cancelled,5846,2018-04-06 18:44:28.605
CASH,CAR,Cancelled,3982,2018-04-07 11:47:38.124
CASH,CAR,Cancelled,6946,2018-04-07 01:08:03.982
CASH,CAR,Cancelled,2246,2018-04-07 07:11:43.018
CASH,CAR,Cancelled,9380,2018-04-07 12:13:43.852
CASH,CAR,Cancelled,2254,2018-04-04 06:18:23.911
CASH,CAR,Cancelled,7953,2018-04-04 09:05:57.644
CASH,CAR,Cancelled,3714,2018-04-07 03:37:25.725
CASH,CAR,Cancelled,5871,2018-04-06 17:21:04.998
CASH,CAR,Cancelled,8840,2018-04-07 03:39:30.059
CASH,CAR,Cancelled,543,2018-04-07 04:37:17.194
CASH,CAR,Cancelled,1114,2018-04-07 14:29:06.231
CASH,CAR,Cancelled,1400,2018-04-07 07:10:42.171
CASH,CAR,Cancelled,7366,2018-04-06 19:28:04.789
CASH,CAR,Cancelled,5751,2018-04-05 09:46:19.596
CASH,CAR,Cancelled,3070,2018-04-05 12:01:46.162
CASH,CAR,Cancelled,1029,2018-04-05 12:41:44.526
CASH,CAR,Cancelled,6888,2018-04-04 20:27:18.922
CASH,CAR,Cancelled,1281,2018-04-05 07:31:33.017
CASH,CAR,Cancelled,9086,2018-04-04 19:16:48.456
CASH,CAR,Cancelled,999,2018-04-04 06:19:33.845
CASH,CAR,Cancelled,4319,2018-04-03 23:14:05.164
CASH,CAR,Cancelled,6355,2018-04-04 04:52:42.508
CASH,CAR,Cancelled,3592,2018-04-04 11:42:11.802
CASH,CAR,Cancelled,9366,2018-04-04 04:49:17.546
CASH,CAR,Cancelled,879,2018-04-04 06:25:02.014
CASH,CAR,Cancelled,3236,2018-04-05 00:54:57.409
CASH,CAR,Cancelled,7664,2018-04-04 23:12:31.946
CASH,CAR,Cancelled,3777,2018-04-05 10:36:13.352
GOPAY,CAR,Cancelled,776,2018-04-10 14:54:25.254
GOPAY,CAR,Cancelled,9218,2018-04-10 01:04:48.196
GOPAY,CAR,Cancelled,6644,2018-04-10 04:04:09.036
GOPAY,CAR,Cancelled,7788,2018-04-10 00:54:28.058
GOPAY,CAR,Cancelled,4871,2018-04-10 11:03:48.783
GOPAY,CAR,Cancelled,8860,2018-04-10 16:28:34.071
GOPAY,CAR,Cancelled,5218,2018-04-09 03:42:57.364
GOPAY,CAR,Cancelled,2047,2018-04-08 09:08:22.245
GOPAY,CAR,Cancelled,6016,2018-04-08 04:23:20.048
GOPAY,CAR,Cancelled,8268,2018-04-09 10:53:05.864
GOPAY,CAR,Cancelled,8340,2018-04-08 22:43:26.345
GOPAY,CAR,Cancelled,3577,2018-04-09 03:39:41.053
GOPAY,CAR,Cancelled,8039,2018-04-09 12:10:32.692
GOPAY,CAR,Cancelled,6718,2018-04-06 13:18:16.107
GOPAY,CAR,Cancelled,2306,2018-04-06 06:58:16.420
GOPAY,CAR,Cancelled,7731,2018-04-05 23:49:03.746
GOPAY,CAR,Cancelled,8831,2018-04-06 11:50:08.850
GOPAY,CAR,Cancelled,8773,2018-04-07 16:09:25.277
GOPAY,CAR,Cancelled,2174,2018-04-05 08:45:23.004
GOPAY,CAR,Cancelled,7100,2018-04-05 02:32:59.914
GOPAY,CAR,Cancelled,5820,2018-04-04 11:05:25.165
GOPAY,CAR,Cancelled,6943,2018-04-03 21:15:50.795
GOPAY,CAR,Cancelled,8046,2018-04-04 23:09:02.325
CASH,CAR,Cancelled,6396,2018-04-10 10:42:40.679
CASH,CAR,Cancelled,4461,2018-04-10 12:50:17.675
CASH,CAR,Cancelled,9418,2018-04-10 09:05:17.696
CASH,CAR,Cancelled,2125,2018-04-10 09:10:51.558
CASH,CAR,Cancelled,1233,2018-04-10 14:27:46.578
CASH,CAR,Cancelled,1588,2018-04-09 05:33:38.388
CASH,CAR,Cancelled,280,2018-04-09 13:27:46.580
CASH,CAR,Cancelled,7820,2018-04-09 16:28:34.256
CASH,CAR,Cancelled,9818,2018-04-09 03:00:26.178
CASH,CAR,Cancelled,1451,2018-04-07 22:22:56.322
CASH,CAR,Cancelled,5950,2018-04-08 06:35:11.317
CASH,CAR,Cancelled,7398,2018-04-08 14:25:33.594
CASH,CAR,Cancelled,4956,2018-04-08 12:58:51.871
CASH,CAR,Cancelled,9457,2018-04-08 06:56:56.108
CASH,CAR,Cancelled,1853,2018-04-08 02:49:52.864
CASH,CAR,Cancelled,2717,2018-04-08 03:11:40.783
CASH,CAR,Cancelled,8886,2018-04-08 06:18:11.325
CASH,CAR,Cancelled,7351,2018-04-08 05:28:13.905
CASH,CAR,Cancelled,4500,2018-04-09 04:02:43.826
CASH,CAR,Cancelled,1774,2018-04-09 12:58:29.811
CASH,CAR,Cancelled,4390,2018-04-06 09:35:59.514
CASH,CAR,Cancelled,4179,2018-04-05 23:01:03.404
CASH,CAR,Cancelled,4676,2018-04-06 11:08:07.249
CASH,CAR,Cancelled,3046,2018-04-09 12:54:46.930
CASH,CAR,Cancelled,9213,2018-04-09 09:36:48.439
CASH,CAR,Cancelled,8777,2018-04-09 07:01:54.895
CASH,CAR,Cancelled,2575,2018-04-06 05:35:22.434
CASH,CAR,Cancelled,8745,2018-04-05 22:54:45.547
CASH,CAR,Cancelled,6591,2018-04-06 00:18:40.586
CASH,CAR,Cancelled,1270,2018-04-06 15:16:44.720
CASH,CAR,Cancelled,484,2018-04-05 20:04:12.663
CASH,CAR,Cancelled,6829,2018-04-04 04:59:43.447
CASH,CAR,Cancelled,8897,2018-04-04 12:02:24.455
CASH,CAR,Cancelled,4390,2018-04-07 11:22:40.639
CASH,CAR,Cancelled,8553,2018-04-07 11:23:04.380
CASH,CAR,Cancelled,741,2018-04-07 08:27:16.824
CASH,CAR,Cancelled,698,2018-04-07 11:51:54.044
CASH,CAR,Cancelled,290,2018-04-07 11:25:52.816
CASH,CAR,Cancelled,3704,2018-04-04 12:44:37.838
CASH,CAR,Cancelled,2584,2018-04-04 11:25:09.141
CASH,CAR,Cancelled,4813,2018-04-07 06:43:47.677
CASH,CAR,Cancelled,5495,2018-04-07 05:41:14.092
CASH,CAR,Cancelled,8268,2018-04-07 16:08:05.559
CASH,CAR,Cancelled,4726,2018-04-06 20:25:05.606
CASH,CAR,Cancelled,8815,2018-04-07 12:12:44.399
CASH,CAR,Cancelled,5200,2018-04-07 03:00:44.107
CASH,CAR,Cancelled,4857,2018-04-05 07:47:25.375
CASH,CAR,Cancelled,6201,2018-04-05 09:49:06.814
CASH,CAR,Cancelled,1161,2018-04-05 09:29:20.986
CASH,CAR,Cancelled,8474,2018-04-05 09:57:50.287
CASH,CAR,Cancelled,4754,2018-04-03 21:34:53.620
CASH,CAR,Cancelled,7799,2018-04-04 12:28:22.876
CASH,CAR,Cancelled,1899,2018-04-04 00:10:59.918
GOPAY,CAR,Cancelled,1566,2018-04-10 07:07:27.993
GOPAY,CAR,Cancelled,5881,2018-04-10 12:16:29.681
GOPAY,CAR,Cancelled,4054,2018-04-10 11:45:23.359
GOPAY,CAR,Cancelled,9644,2018-04-10 03:46:47.402
GOPAY,CAR,Cancelled,2145,2018-04-09 12:34:21.809
GOPAY,CAR,Cancelled,8204,2018-04-08 04:30:56.554
GOPAY,CAR,Cancelled,1555,2018-04-08 12:32:26.411
GOPAY,CAR,Cancelled,2378,2018-04-08 02:38:18.779
GOPAY,CAR,Cancelled,4190,2018-04-08 05:43:11.389
GOPAY,CAR,Cancelled,1186,2018-04-08 05:20:28.277
GOPAY,CAR,Cancelled,6566,2018-04-09 10:37:25.183
GOPAY,CAR,Cancelled,5401,2018-04-09 09:32:36.737
GOPAY,CAR,Cancelled,389,2018-04-04 07:35:22.344
GOPAY,CAR,Cancelled,1056,2018-04-07 08:14:14.289
GOPAY,CAR,Cancelled,6017,2018-04-07 04:38:33.196
GOPAY,CAR,Cancelled,8058,2018-04-06 20:37:14.065
GOPAY,CAR,Cancelled,8350,2018-04-04 07:46:19.049
GOPAY,CAR,Cancelled,6671,2018-04-07 11:21:58.379
GOPAY,CAR,Cancelled,5210,2018-04-07 14:00:17.537
GOPAY,CAR,Cancelled,3509,2018-04-05 07:46:58.296
GOPAY,CAR,Cancelled,8192,2018-04-05 12:06:05.142
GOPAY,CAR,Cancelled,7588,2018-04-05 06:49:10.561
GOPAY,CAR,Cancelled,3877,2018-04-05 09:31:48.755
GOPAY,CAR,Cancelled,8662,2018-04-04 23:22:11.053
GOPAY,CAR,Cancelled,8115,2018-04-05 15:13:49.307
CASH,CAR,Cancelled,6886,2018-04-10 08:57:49.343
CASH,CAR,Cancelled,429,2018-04-10 14:13:55.658
CASH,CAR,Cancelled,4626,2018-04-10 08:29:41.693
CASH,CAR,Cancelled,3808,2018-04-10 10:14:22.893
CASH,CAR,Cancelled,4536,2018-04-10 12:37:25.270
CASH,CAR,Cancelled,8952,2018-04-10 04:35:29.167
CASH,CAR,Cancelled,7059,2018-04-09 09:29:41.703
CASH,CAR,Cancelled,8310,2018-04-09 05:05:13.462
CASH,CAR,Cancelled,2904,2018-04-09 12:16:53.841
CASH,CAR,Cancelled,7703,2018-04-09 07:30:50.651
CASH,CAR,Cancelled,1121,2018-04-09 09:11:53.934
CASH,CAR,Cancelled,2751,2018-04-09 07:04:01.826
CASH,CAR,Cancelled,9073,2018-04-08 07:16:37.792
CASH,CAR,Cancelled,4211,2018-04-08 06:43:01.179
CASH,CAR,Cancelled,8372,2018-04-08 06:09:44.325
CASH,CAR,Cancelled,1021,2018-04-08 05:06:00.531
CASH,CAR,Cancelled,5541,2018-04-08 09:06:51.918
CASH,CAR,Cancelled,3999,2018-04-08 14:07:20.373
CASH,CAR,Cancelled,2236,2018-04-08 07:32:07.072
CASH,CAR,Cancelled,3013,2018-04-08 07:19:29.506
CASH,CAR,Cancelled,4851,2018-04-08 04:25:30.110
CASH,CAR,Cancelled,9371,2018-04-08 11:13:36.296
CASH,CAR,Cancelled,105,2018-04-07 19:20:46.842
CASH,CAR,Cancelled,5912,2018-04-07 17:05:28.307
CASH,CAR,Cancelled,6872,2018-04-09 11:56:56.075
CASH,CAR,Cancelled,3478,2018-04-09 03:16:56.577
CASH,CAR,Cancelled,4735,2018-04-09 05:55:54.554
CASH,CAR,Cancelled,7455,2018-04-06 13:21:28.422
CASH,CAR,Cancelled,2953,2018-04-06 04:10:05.793
CASH,CAR,Cancelled,3895,2018-04-09 04:42:24.393
CASH,CAR,Cancelled,3188,2018-04-08 22:51:52.598
CASH,CAR,Cancelled,9566,2018-04-09 13:56:40.780
CASH,CAR,Cancelled,6905,2018-04-09 11:28:06.757
CASH,CAR,Cancelled,594,2018-04-08 21:22:56.627
CASH,CAR,Cancelled,1674,2018-04-09 09:01:20.078
CASH,CAR,Cancelled,6177,2018-04-05 23:02:34.005
CASH,CAR,Cancelled,8448,2018-04-06 15:29:37.945
CASH,CAR,Cancelled,9298,2018-04-05 21:40:25.294
CASH,CAR,Cancelled,3242,2018-04-06 13:30:12.912
CASH,CAR,Cancelled,727,2018-04-06 12:34:50.053
CASH,CAR,Cancelled,1198,2018-04-04 00:59:10.957
CASH,CAR,Cancelled,2322,2018-04-04 02:02:02.027
CASH,CAR,Cancelled,3471,2018-04-04 08:22:59.239
CASH,CAR,Cancelled,7642,2018-04-04 15:01:56.946
CASH,CAR,Cancelled,7280,2018-04-04 16:14:32.871
CASH,CAR,Cancelled,4486,2018-04-07 11:54:21.531
CASH,CAR,Cancelled,6769,2018-04-07 12:17:20.473
CASH,CAR,Cancelled,3639,2018-04-07 06:08:42.009
CASH,CAR,Cancelled,100,2018-04-07 10:46:17.961
CASH,CAR,Cancelled,4202,2018-04-07 07:09:23.990
CASH,CAR,Cancelled,8061,2018-04-07 08:23:53.761
CASH,CAR,Cancelled,1294,2018-04-07 12:10:41.479
CASH,CAR,Cancelled,9023,2018-04-03 22:05:05.584
CASH,CAR,Cancelled,7579,2018-04-07 16:45:29.744
CASH,CAR,Cancelled,312,2018-04-07 02:52:37.391
CASH,CAR,Cancelled,4574,2018-04-07 07:31:55.538
CASH,CAR,Cancelled,9200,2018-04-07 13:27:23.469
CASH,CAR,Cancelled,4247,2018-04-05 13:00:45.157
CASH,CAR,Cancelled,2181,2018-04-05 01:20:33.174
CASH,CAR,Cancelled,2436,2018-04-05 06:06:10.140
CASH,CAR,Cancelled,2794,2018-04-05 02:12:09.010
CASH,CAR,Cancelled,5080,2018-04-05 09:06:58.771
CASH,CAR,Cancelled,8328,2018-04-05 14:20:08.644
GOPAY,CAR,Cancelled,5102,2018-04-10 04:26:24.459
GOPAY,CAR,Cancelled,4785,2018-04-08 09:51:18.833
GOPAY,CAR,Cancelled,6942,2018-04-08 06:51:54.887
GOPAY,CAR,Cancelled,430,2018-04-08 06:42:25.317
GOPAY,CAR,Cancelled,8760,2018-04-08 03:42:46.496
GOPAY,CAR,Cancelled,4769,2018-04-09 00:57:58.886
GOPAY,CAR,Cancelled,5701,2018-04-09 01:20:42.986
GOPAY,CAR,Cancelled,2169,2018-04-09 12:03:30.246
GOPAY,CAR,Cancelled,8560,2018-04-08 23:12:43.359
GOPAY,CAR,Cancelled,9108,2018-04-09 16:20:55.024
GOPAY,CAR,Cancelled,6496,2018-04-09 05:27:22.151
GOPAY,CAR,Cancelled,8738,2018-04-06 00:13:48.607
GOPAY,CAR,Cancelled,3981,2018-04-06 14:30:46.396
GOPAY,CAR,Cancelled,8891,2018-04-06 12:59:26.087
GOPAY,CAR,Cancelled,7500,2018-04-06 00:08:06.188
GOPAY,CAR,Cancelled,6019,2018-04-03 21:56:53.330
GOPAY,CAR,Cancelled,6413,2018-04-07 03:47:52.458
GOPAY,CAR,Cancelled,2103,2018-04-07 14:44:28.228
GOPAY,CAR,Cancelled,2855,2018-04-07 10:09:08.978
GOPAY,CAR,Cancelled,9126,2018-04-07 11:55:05.615
GOPAY,CAR,Cancelled,8225,2018-04-07 06:59:14.807
GOPAY,CAR,Cancelled,6182,2018-04-07 05:28:35.095
GOPAY,CAR,Cancelled,1651,2018-04-07 02:19:30.035
GOPAY,CAR,Cancelled,5736,2018-04-06 21:57:04.334
GOPAY,CAR,Cancelled,9927,2018-04-05 15:49:46.760
GOPAY,CAR,Cancelled,3127,2018-04-05 05:16:42.146
GOPAY,CAR,Cancelled,5286,2018-04-04 11:59:39.613
GOPAY,CAR,Cancelled,2160,2018-04-04 12:25:21.691
GOPAY,CAR,Cancelled,7429,2018-04-05 09:59:35.471
GOPAY,CAR,Cancelled,4407,2018-04-05 14:43:42.237
CASH,CAR,Cancelled,5134,2018-04-10 10:49:16.675
CASH,CAR,Cancelled,7938,2018-04-10 01:16:30.845
CASH,CAR,Cancelled,8128,2018-04-10 06:07:00.821
CASH,CAR,Cancelled,2279,2018-04-10 16:32:55.709
CASH,CAR,Cancelled,3093,2018-04-10 06:36:10.831
CASH,CAR,Cancelled,3635,2018-04-09 22:47:19.378
CASH,CAR,Cancelled,7672,2018-04-10 03:54:57.276
CASH,CAR,Cancelled,6090,2018-04-10 14:35:01.249
CASH,CAR,Cancelled,4087,2018-04-10 09:22:06.563
CASH,CAR,Cancelled,9225,2018-04-10 07:33:21.393
CASH,CAR,Cancelled,2942,2018-04-10 01:35:48.676
CASH,CAR,Cancelled,9818,2018-04-10 07:39:15.159
CASH,CAR,Cancelled,8483,2018-04-10 11:59:44.842
CASH,CAR,Cancelled,6947,2018-04-09 08:12:36.344
CASH,CAR,Cancelled,114,2018-04-09 05:27:42.392
CASH,CAR,Cancelled,909,2018-04-09 03:52:14.965
CASH,CAR,Cancelled,9314,2018-04-08 04:01:58.064
CASH,CAR,Cancelled,6103,2018-04-08 09:50:13.173
CASH,CAR,Cancelled,8248,2018-04-08 08:34:25.441
CASH,CAR,Cancelled,334,2018-04-08 10:32:14.008
CASH,CAR,Cancelled,4824,2018-04-08 07:50:58.749
CASH,CAR,Cancelled,5241,2018-04-08 06:49:50.464
CASH,CAR,Cancelled,1713,2018-04-08 03:33:52.810
CASH,CAR,Cancelled,2221,2018-04-08 12:21:45.821
CASH,CAR,Cancelled,8707,2018-04-08 13:48:44.086
CASH,CAR,Cancelled,2608,2018-04-08 13:43:42.805
CASH,CAR,Cancelled,4869,2018-04-09 02:14:26.832
CASH,CAR,Cancelled,6699,2018-04-09 09:45:39.841
CASH,CAR,Cancelled,4018,2018-04-08 17:59:53.472
CASH,CAR,Cancelled,9582,2018-04-09 16:18:13.010
CASH,CAR,Cancelled,7291,2018-04-06 04:54:10.511
CASH,CAR,Cancelled,6798,2018-04-09 03:38:33.679
CASH,CAR,Cancelled,2848,2018-04-09 11:49:21.638
CASH,CAR,Cancelled,6401,2018-04-06 05:09:50.988
CASH,CAR,Cancelled,1651,2018-04-05 20:25:07.373
CASH,CAR,Cancelled,935,2018-04-06 13:51:41.287
CASH,CAR,Cancelled,124,2018-04-04 10:35:18.991
CASH,CAR,Cancelled,1781,2018-04-04 02:00:48.326
CASH,CAR,Cancelled,7670,2018-04-04 06:34:42.598
CASH,CAR,Cancelled,9956,2018-04-07 12:31:16.394
CASH,CAR,Cancelled,4661,2018-04-07 08:10:11.190
CASH,CAR,Cancelled,6243,2018-04-07 10:34:51.080
CASH,CAR,Cancelled,6326,2018-04-07 07:48:57.933
CASH,CAR,Cancelled,9697,2018-04-07 02:46:20.002
CASH,CAR,Cancelled,6513,2018-04-07 03:39:50.662
CASH,CAR,Cancelled,1403,2018-04-07 14:51:33.581
CASH,CAR,Cancelled,8232,2018-04-07 14:01:42.652
CASH,CAR,Cancelled,339,2018-04-04 08:14:57.463
CASH,CAR,Cancelled,3275,2018-04-04 13:08:06.020
CASH,CAR,Cancelled,3386,2018-04-04 10:32:27.561
CASH,CAR,Cancelled,5015,2018-04-07 14:33:02.648
CASH,CAR,Cancelled,6286,2018-04-06 18:17:17.450
CASH,CAR,Cancelled,6132,2018-04-07 08:32:44.437
CASH,CAR,Cancelled,3586,2018-04-05 09:58:04.369
CASH,CAR,Cancelled,9590,2018-04-05 13:00:47.547
CASH,CAR,Cancelled,3557,2018-04-05 01:11:56.311
CASH,CAR,Cancelled,4010,2018-04-05 07:39:49.023
CASH,CAR,Cancelled,6612,2018-04-05 12:05:52.916
CASH,CAR,Cancelled,8832,2018-04-05 14:25:01.354
CASH,CAR,Cancelled,811,2018-04-04 23:23:42.406
CASH,CAR,Cancelled,3102,2018-04-04 10:39:19.283
CASH,CAR,Cancelled,3027,2018-04-04 03:28:05.961
CASH,CAR,Cancelled,9892,2018-04-03 18:38:49.581
CASH,CAR,Cancelled,8617,2018-04-05 16:57:17.321
GOPAY,CAR,Cancelled,9460,2018-04-09 23:48:31.864
GOPAY,CAR,Cancelled,7540,2018-04-09 01:24:30.663
GOPAY,CAR,Cancelled,3123,2018-04-09 00:27:11.464
GOPAY,CAR,Cancelled,9795,2018-04-08 15:32:14.391
GOPAY,CAR,Cancelled,7345,2018-04-08 13:59:28.926
GOPAY,CAR,Cancelled,4581,2018-04-09 04:11:18.178
GOPAY,CAR,Cancelled,7327,2018-04-09 01:48:25.130
GOPAY,CAR,Cancelled,8754,2018-04-06 13:12:56.039
GOPAY,CAR,Cancelled,2056,2018-04-09 12:33:45.340
GOPAY,CAR,Cancelled,3045,2018-04-09 07:32:50.297
GOPAY,CAR,Cancelled,8674,2018-04-06 13:51:21.556
GOPAY,CAR,Cancelled,3002,2018-04-06 07:40:12.885
GOPAY,CAR,Cancelled,8583,2018-04-04 02:22:03.354
GOPAY,CAR,Cancelled,1852,2018-04-04 10:30:46.450
GOPAY,CAR,Cancelled,8859,2018-04-07 07:14:43.842
GOPAY,CAR,Cancelled,362,2018-04-07 12:00:43.581
GOPAY,CAR,Cancelled,1409,2018-04-07 09:10:48.471
GOPAY,CAR,Cancelled,5460,2018-04-07 11:37:14.975
GOPAY,CAR,Cancelled,6317,2018-04-04 01:09:16.579
GOPAY,CAR,Cancelled,5749,2018-04-07 10:06:48.758
GOPAY,CAR,Cancelled,2576,2018-04-07 03:58:57.186
GOPAY,CAR,Cancelled,9203,2018-04-06 22:11:44.880
GOPAY,CAR,Cancelled,9708,2018-04-07 11:18:19.589
GOPAY,CAR,Cancelled,7348,2018-04-05 12:28:21.473
GOPAY,CAR,Cancelled,7958,2018-04-05 13:23:31.277
GOPAY,CAR,Cancelled,5769,2018-04-04 21:08:48.480
GOPAY,CAR,Cancelled,6381,2018-04-04 00:08:40.780
CASH,CAR,Cancelled,8324,2018-04-10 10:51:57.800
CASH,CAR,Cancelled,1382,2018-04-09 18:25:43.497
CASH,CAR,Cancelled,4907,2018-04-10 14:15:46.088
CASH,CAR,Cancelled,9081,2018-04-10 01:53:45.470
CASH,CAR,Cancelled,5716,2018-04-10 15:50:42.260
CASH,CAR,Cancelled,9178,2018-04-10 09:08:46.898
CASH,CAR,Cancelled,6453,2018-04-09 22:31:16.128
CASH,CAR,Cancelled,5466,2018-04-10 09:34:30.887
CASH,CAR,Cancelled,2900,2018-04-09 04:31:36.058
CASH,CAR,Cancelled,3504,2018-04-09 06:39:09.572
CASH,CAR,Cancelled,6458,2018-04-08 04:04:58.944
CASH,CAR,Cancelled,4217,2018-04-07 22:11:08.151
CASH,CAR,Cancelled,2592,2018-04-08 04:48:03.972
CASH,CAR,Cancelled,520,2018-04-07 22:56:47.487
CASH,CAR,Cancelled,4728,2018-04-08 06:36:44.946
CASH,CAR,Cancelled,6523,2018-04-08 11:35:28.663
CASH,CAR,Cancelled,2555,2018-04-08 10:54:46.243
CASH,CAR,Cancelled,5307,2018-04-08 10:44:04.996
CASH,CAR,Cancelled,2454,2018-04-08 00:44:41.348
CASH,CAR,Cancelled,8405,2018-04-08 07:39:17.326
CASH,CAR,Cancelled,1023,2018-04-08 08:35:40.887
CASH,CAR,Cancelled,262,2018-04-07 17:11:52.626
CASH,CAR,Cancelled,5640,2018-04-08 15:31:25.753
CASH,CAR,Cancelled,1241,2018-04-08 22:52:08.393
CASH,CAR,Cancelled,9771,2018-04-09 06:21:16.938
CASH,CAR,Cancelled,2659,2018-04-09 04:24:39.534
CASH,CAR,Cancelled,4110,2018-04-09 10:00:31.615
CASH,CAR,Cancelled,8285,2018-04-09 11:09:09.863
CASH,CAR,Cancelled,2771,2018-04-09 11:59:45.058
CASH,CAR,Cancelled,6756,2018-04-09 04:41:05.617
CASH,CAR,Cancelled,1248,2018-04-06 11:20:56.662
CASH,CAR,Cancelled,798,2018-04-05 17:20:55.565
CASH,CAR,Cancelled,1154,2018-04-06 08:55:39.294
CASH,CAR,Cancelled,9871,2018-04-06 07:04:34.908
CASH,CAR,Cancelled,9328,2018-04-05 23:16:47.184
CASH,CAR,Cancelled,7077,2018-04-08 23:12:44.869
CASH,CAR,Cancelled,7315,2018-04-09 00:39:52.027
CASH,CAR,Cancelled,3565,2018-04-09 01:19:47.432
CASH,CAR,Cancelled,2555,2018-04-09 15:54:19.999
CASH,CAR,Cancelled,5467,2018-04-06 01:51:07.268
CASH,CAR,Cancelled,3863,2018-04-06 03:47:58.382
CASH,CAR,Cancelled,7910,2018-04-06 10:01:24.792
CASH,CAR,Cancelled,8656,2018-04-06 09:58:25.135
CASH,CAR,Cancelled,3969,2018-04-05 22:21:55.981
CASH,CAR,Cancelled,3545,2018-04-04 00:00:32.530
CASH,CAR,Cancelled,7441,2018-04-04 04:03:23.147
CASH,CAR,Cancelled,3782,2018-04-04 13:51:28.402
CASH,CAR,Cancelled,487,2018-04-07 05:56:38.157
CASH,CAR,Cancelled,9006,2018-04-07 07:17:58.975
CASH,CAR,Cancelled,6229,2018-04-07 05:16:09.573
CASH,CAR,Cancelled,154,2018-04-07 12:01:56.512
CASH,CAR,Cancelled,324,2018-04-07 12:24:44.063
CASH,CAR,Cancelled,5500,2018-04-07 12:09:56.331
CASH,CAR,Cancelled,8456,2018-04-07 09:16:53.850
CASH,CAR,Cancelled,8647,2018-04-07 09:07:18.957
CASH,CAR,Cancelled,8579,2018-04-03 22:53:06.972
CASH,CAR,Cancelled,423,2018-04-04 13:38:05.965
CASH,CAR,Cancelled,1359,2018-04-04 11:47:38.737
CASH,CAR,Cancelled,6795,2018-04-07 13:28:51.120
CASH,CAR,Cancelled,7606,2018-04-06 23:25:06.869
CASH,CAR,Cancelled,4528,2018-04-07 16:00:07.651
CASH,CAR,Cancelled,7150,2018-04-07 13:00:03.840
CASH,CAR,Cancelled,7040,2018-04-07 11:43:10.422
CASH,CAR,Cancelled,2368,2018-04-05 08:17:14.005
CASH,CAR,Cancelled,3383,2018-04-05 06:20:06.870
CASH,CAR,Cancelled,5549,2018-04-04 18:30:30.434
CASH,CAR,Cancelled,2138,2018-04-05 09:47:16.434
CASH,CAR,Cancelled,2868,2018-04-04 04:04:34.136
CASH,CAR,Cancelled,7643,2018-04-04 09:50:15.105
CASH,CAR,Cancelled,507,2018-04-04 13:51:21.141
CASH,CAR,Cancelled,5841,2018-04-05 07:05:49.117
CASH,CAR,Cancelled,3113,2018-04-05 05:28:00.148
CASH,CAR,Cancelled,9563,2018-04-05 08:46:44.790
GOPAY,CAR,Cancelled,5265,2018-04-10 14:45:39.510
GOPAY,CAR,Cancelled,1027,2018-04-10 04:56:46.927
GOPAY,CAR,Cancelled,2193,2018-04-09 11:14:39.525
GOPAY,CAR,Cancelled,1942,2018-04-09 07:37:20.121
GOPAY,CAR,Cancelled,389,2018-04-08 09:38:33.346
GOPAY,CAR,Cancelled,3727,2018-04-08 04:42:40.106
GOPAY,CAR,Cancelled,1964,2018-04-08 10:55:05.057
GOPAY,CAR,Cancelled,2467,2018-04-08 09:45:14.840
GOPAY,CAR,Cancelled,5395,2018-04-08 11:33:06.266
GOPAY,CAR,Cancelled,416,2018-04-08 09:19:30.105
GOPAY,CAR,Cancelled,2449,2018-04-09 02:13:39.035
GOPAY,CAR,Cancelled,3796,2018-04-09 15:08:03.790
GOPAY,CAR,Cancelled,945,2018-04-09 10:17:00.460
GOPAY,CAR,Cancelled,9335,2018-04-06 14:15:22.859
GOPAY,CAR,Cancelled,2350,2018-04-06 10:59:17.545
GOPAY,CAR,Cancelled,4239,2018-04-06 00:02:42.912
GOPAY,CAR,Cancelled,5559,2018-04-09 11:38:33.872
GOPAY,CAR,Cancelled,1680,2018-04-05 23:11:53.972
GOPAY,CAR,Cancelled,3540,2018-04-06 00:18:41.518
GOPAY,CAR,Cancelled,1043,2018-04-06 01:04:17.763
GOPAY,CAR,Cancelled,7998,2018-04-06 01:46:23.141
GOPAY,CAR,Cancelled,6591,2018-04-06 14:17:51.062
GOPAY,CAR,Cancelled,374,2018-04-04 13:30:58.847
GOPAY,CAR,Cancelled,6487,2018-04-04 05:04:21.379
GOPAY,CAR,Cancelled,144,2018-04-07 09:24:26.590
GOPAY,CAR,Cancelled,9460,2018-04-07 07:19:52.427
GOPAY,CAR,Cancelled,6761,2018-04-07 13:00:24.429
GOPAY,CAR,Cancelled,5884,2018-04-05 13:15:52.328
GOPAY,CAR,Cancelled,2823,2018-04-05 12:31:55.437
GOPAY,CAR,Cancelled,3843,2018-04-04 11:48:54.978
GOPAY,CAR,Cancelled,4083,2018-04-04 11:56:44.107
GOPAY,CAR,Cancelled,3329,2018-04-05 04:42:09.258
CASH,CAR,Cancelled,3559,2018-04-10 14:05:39.353
CASH,CAR,Cancelled,7990,2018-04-10 08:33:42.206
CASH,CAR,Cancelled,7438,2018-04-10 14:21:26.093
CASH,CAR,Cancelled,6185,2018-04-10 07:40:26.216
CASH,CAR,Cancelled,8149,2018-04-10 16:04:42.586
CASH,CAR,Cancelled,4356,2018-04-10 14:18:16.645
CASH,CAR,Cancelled,8171,2018-04-10 12:46:14.275
CASH,CAR,Cancelled,1474,2018-04-10 09:59:59.906
CASH,CAR,Cancelled,8435,2018-04-10 07:52:46.945
CASH,CAR,Cancelled,2521,2018-04-09 11:17:39.234
CASH,CAR,Cancelled,513,2018-04-09 14:11:48.597
CASH,CAR,Cancelled,9284,2018-04-09 03:38:14.139
CASH,CAR,Cancelled,1760,2018-04-09 13:28:10.950
CASH,CAR,Cancelled,8825,2018-04-09 02:56:07.999
CASH,CAR,Cancelled,326,2018-04-08 07:26:45.709
CASH,CAR,Cancelled,1250,2018-04-08 04:09:31.807
CASH,CAR,Cancelled,3728,2018-04-08 05:50:44.924
CASH,CAR,Cancelled,3590,2018-04-08 00:09:22.116
CASH,CAR,Cancelled,3843,2018-04-08 09:19:09.179
CASH,CAR,Cancelled,5340,2018-04-07 19:30:26.251
CASH,CAR,Cancelled,1730,2018-04-08 09:57:53.073
CASH,CAR,Cancelled,7518,2018-04-08 02:09:40.122
CASH,CAR,Cancelled,4286,2018-04-08 12:45:42.360
CASH,CAR,Cancelled,4581,2018-04-08 10:05:13.085
CASH,CAR,Cancelled,1538,2018-04-08 07:01:07.449
CASH,CAR,Cancelled,4359,2018-04-08 06:04:40.633
CASH,CAR,Cancelled,1610,2018-04-08 07:00:11.461
CASH,CAR,Cancelled,4360,2018-04-09 09:37:26.036
CASH,CAR,Cancelled,1281,2018-04-09 00:20:05.036
CASH,CAR,Cancelled,7152,2018-04-09 12:11:18.104
CASH,CAR,Cancelled,6368,2018-04-06 09:41:43.920
CASH,CAR,Cancelled,9660,2018-04-09 09:29:48.267
CASH,CAR,Cancelled,9952,2018-04-09 05:31:17.319
CASH,CAR,Cancelled,2525,2018-04-05 23:19:27.331
CASH,CAR,Cancelled,2837,2018-04-06 05:03:14.503
CASH,CAR,Cancelled,7754,2018-04-06 16:36:02.518
CASH,CAR,Cancelled,2549,2018-04-06 14:55:38.128
CASH,CAR,Cancelled,1981,2018-04-06 03:24:18.331
CASH,CAR,Cancelled,6121,2018-04-04 08:00:28.507
CASH,CAR,Cancelled,1853,2018-04-04 11:00:34.591
CASH,CAR,Cancelled,5375,2018-04-07 03:35:56.940
CASH,CAR,Cancelled,460,2018-04-07 03:44:43.502
CASH,CAR,Cancelled,7276,2018-04-07 09:28:41.511
CASH,CAR,Cancelled,2096,2018-04-04 02:32:40.053
CASH,CAR,Cancelled,6341,2018-04-04 16:32:55.764
CASH,CAR,Cancelled,3881,2018-04-07 09:42:44.175
CASH,CAR,Cancelled,6536,2018-04-07 02:19:30.645
CASH,CAR,Cancelled,9614,2018-04-07 01:32:30.703
CASH,CAR,Cancelled,8568,2018-04-07 08:12:11.523
CASH,CAR,Cancelled,568,2018-04-07 11:35:29.713
CASH,CAR,Cancelled,9456,2018-04-07 06:52:48.115
CASH,CAR,Cancelled,7103,2018-04-05 02:17:08.718
CASH,CAR,Cancelled,4157,2018-04-05 11:43:50.652
CASH,CAR,Cancelled,3982,2018-04-04 17:45:10.606
CASH,CAR,Cancelled,4778,2018-04-04 14:03:03.824
CASH,CAR,Cancelled,1658,2018-04-04 00:22:32.910
CASH,CAR,Cancelled,2739,2018-04-04 05:57:36.249
CASH,CAR,Cancelled,4333,2018-04-04 11:18:25.287
CASH,CAR,Cancelled,1903,2018-04-04 12:09:45.142
CASH,CAR,Cancelled,1470,2018-04-05 14:28:28.413
GOPAY,CAR,Cancelled,8420,2018-04-10 04:00:19.523
GOPAY,CAR,Cancelled,3222,2018-04-09 04:46:00.152
GOPAY,CAR,Cancelled,2739,2018-04-08 06:01:10.861
GOPAY,CAR,Cancelled,5380,2018-04-08 05:45:55.234
GOPAY,CAR,Cancelled,711,2018-04-08 03:16:44.070
GOPAY,CAR,Cancelled,1410,2018-04-08 10:35:38.071
GOPAY,CAR,Cancelled,4948,2018-04-08 07:10:15.850
GOPAY,CAR,Cancelled,5132,2018-04-08 07:51:29.468
GOPAY,CAR,Cancelled,3528,2018-04-09 07:10:05.455
GOPAY,CAR,Cancelled,8244,2018-04-05 22:48:14.721
GOPAY,CAR,Cancelled,7296,2018-04-04 13:29:55.287
GOPAY,CAR,Cancelled,3060,2018-04-07 01:16:20.121
GOPAY,CAR,Cancelled,5672,2018-04-07 11:18:57.911
GOPAY,CAR,Cancelled,8994,2018-04-07 11:38:59.864
GOPAY,CAR,Cancelled,3476,2018-04-07 11:40:05.455
GOPAY,CAR,Cancelled,7704,2018-04-05 11:11:08.910
CASH,CAR,Cancelled,9050,2018-04-10 11:55:21.841
CASH,CAR,Cancelled,8292,2018-04-10 16:56:37.468
CASH,CAR,Cancelled,2153,2018-04-10 15:04:28.864
CASH,CAR,Cancelled,1108,2018-04-10 01:46:32.077
CASH,CAR,Cancelled,852,2018-04-10 14:10:16.347
CASH,CAR,Cancelled,1297,2018-04-10 11:52:22.388
CASH,CAR,Cancelled,6266,2018-04-09 07:01:43.731
CASH,CAR,Cancelled,4969,2018-04-09 02:43:49.845
CASH,CAR,Cancelled,3243,2018-04-09 11:26:21.924
CASH,CAR,Cancelled,1618,2018-04-09 07:32:43.483
CASH,CAR,Cancelled,5457,2018-04-08 15:20:30.385
CASH,CAR,Cancelled,5512,2018-04-08 10:14:47.851
CASH,CAR,Cancelled,1260,2018-04-08 07:21:10.868
CASH,CAR,Cancelled,4762,2018-04-08 15:45:50.273
CASH,CAR,Cancelled,6840,2018-04-08 12:54:09.575
CASH,CAR,Cancelled,8469,2018-04-07 17:43:35.108
CASH,CAR,Cancelled,9542,2018-04-08 00:04:22.360
CASH,CAR,Cancelled,2408,2018-04-08 05:18:34.822
CASH,CAR,Cancelled,5102,2018-04-08 04:22:52.491
CASH,CAR,Cancelled,3614,2018-04-08 11:50:25.463
CASH,CAR,Cancelled,8303,2018-04-09 02:06:39.085
CASH,CAR,Cancelled,8942,2018-04-06 04:21:47.130
CASH,CAR,Cancelled,8699,2018-04-09 07:25:33.118
CASH,CAR,Cancelled,1636,2018-04-09 02:09:08.855
CASH,CAR,Cancelled,4606,2018-04-08 20:21:44.325
CASH,CAR,Cancelled,2509,2018-04-06 11:44:11.743
CASH,CAR,Cancelled,2457,2018-04-06 08:28:35.278
CASH,CAR,Cancelled,2943,2018-04-06 08:18:45.563
CASH,CAR,Cancelled,6114,2018-04-06 06:30:41.805
CASH,CAR,Cancelled,3790,2018-04-06 06:33:42.567
CASH,CAR,Cancelled,9890,2018-04-04 07:29:53.762
CASH,CAR,Cancelled,8021,2018-04-07 11:48:58.153
CASH,CAR,Cancelled,3848,2018-04-07 00:38:17.919
CASH,CAR,Cancelled,179,2018-04-07 08:26:07.703
CASH,CAR,Cancelled,5028,2018-04-04 02:22:58.958
CASH,CAR,Cancelled,2561,2018-04-07 13:31:06.390
CASH,CAR,Cancelled,8246,2018-04-07 08:51:24.134
CASH,CAR,Cancelled,221,2018-04-07 06:33:04.003
CASH,CAR,Cancelled,9549,2018-04-07 13:08:15.385
CASH,CAR,Cancelled,6464,2018-04-07 07:27:11.725
CASH,CAR,Cancelled,4585,2018-04-07 04:42:06.554
CASH,CAR,Cancelled,6942,2018-04-05 09:12:01.046
CASH,CAR,Cancelled,8883,2018-04-05 10:43:24.096
CASH,CAR,Cancelled,1270,2018-04-05 10:36:36.414
CASH,CAR,Cancelled,7809,2018-04-05 01:36:08.291
CASH,CAR,Cancelled,2161,2018-04-05 00:02:31.322
CASH,CAR,Cancelled,3489,2018-04-05 16:42:55.733
CASH,CAR,Cancelled,3579,2018-04-04 09:44:51.400
CASH,CAR,Cancelled,9520,2018-04-04 16:41:23.421
CASH,CAR,Cancelled,5358,2018-04-04 15:19:41.555
CASH,CAR,Cancelled,6065,2018-04-03 19:40:41.477
CASH,CAR,Cancelled,9841,2018-04-05 11:44:42.609
CASH,CAR,Cancelled,4882,2018-04-05 16:00:32.437
GOPAY,CAR,Cancelled,1615,2018-04-10 09:50:52.354
GOPAY,CAR,Cancelled,7853,2018-04-10 00:29:51.686
GOPAY,CAR,Cancelled,4073,2018-04-09 21:53:01.637
GOPAY,CAR,Cancelled,6867,2018-04-10 11:31:19.547
GOPAY,CAR,Cancelled,1676,2018-04-08 06:19:51.554
GOPAY,CAR,Cancelled,4150,2018-04-08 07:21:17.307
GOPAY,CAR,Cancelled,7051,2018-04-09 00:53:45.214
GOPAY,CAR,Cancelled,3286,2018-04-06 16:53:33.820
GOPAY,CAR,Cancelled,6775,2018-04-06 06:45:32.730
GOPAY,CAR,Cancelled,6664,2018-04-06 12:45:54.897
GOPAY,CAR,Cancelled,9250,2018-04-06 10:22:54.168
GOPAY,CAR,Cancelled,4128,2018-04-06 04:04:14.405
GOPAY,CAR,Cancelled,8727,2018-04-06 01:46:28.356
GOPAY,CAR,Cancelled,2729,2018-04-05 23:19:53.331
GOPAY,CAR,Cancelled,7232,2018-04-06 12:39:06.138
GOPAY,CAR,Cancelled,5359,2018-04-03 23:28:12.341
GOPAY,CAR,Cancelled,5206,2018-04-03 22:20:41.031
GOPAY,CAR,Cancelled,6215,2018-04-07 03:18:12.781
GOPAY,CAR,Cancelled,9460,2018-04-07 11:52:25.269
GOPAY,CAR,Cancelled,6658,2018-04-07 10:44:57.167
GOPAY,CAR,Cancelled,2532,2018-04-06 22:39:25.054
GOPAY,CAR,Cancelled,6405,2018-04-07 05:38:02.187
GOPAY,CAR,Cancelled,7687,2018-04-07 13:23:59.655
GOPAY,CAR,Cancelled,9960,2018-04-07 12:44:04.677
GOPAY,CAR,Cancelled,3305,2018-04-04 11:23:40.597
GOPAY,CAR,Cancelled,5750,2018-04-04 03:21:46.136
GOPAY,CAR,Cancelled,8652,2018-04-07 11:23:03.667
GOPAY,CAR,Cancelled,7817,2018-04-07 08:43:07.825
GOPAY,CAR,Cancelled,2719,2018-04-07 15:09:02.351
GOPAY,CAR,Cancelled,6201,2018-04-07 10:11:46.838
GOPAY,CAR,Cancelled,5327,2018-04-05 14:17:34.884
GOPAY,CAR,Cancelled,1573,2018-04-04 00:27:11.179
GOPAY,CAR,Cancelled,4522,2018-04-05 00:04:32.980
GOPAY,CAR,Cancelled,6488,2018-04-05 11:06:23.199
CASH,CAR,Cancelled,8123,2018-04-10 10:17:24.186
CASH,CAR,Cancelled,8973,2018-04-10 07:52:06.322
CASH,CAR,Cancelled,282,2018-04-10 16:34:18.788
CASH,CAR,Cancelled,8848,2018-04-10 01:36:04.100
CASH,CAR,Cancelled,7579,2018-04-10 14:50:34.587
CASH,CAR,Cancelled,6769,2018-04-10 01:41:48.618
CASH,CAR,Cancelled,3045,2018-04-10 10:49:47.235
CASH,CAR,Cancelled,9878,2018-04-10 05:37:18.009
CASH,CAR,Cancelled,8033,2018-04-10 13:37:14.841
CASH,CAR,Cancelled,1273,2018-04-10 11:10:26.339
CASH,CAR,Cancelled,1147,2018-04-09 14:19:53.922
CASH,CAR,Cancelled,5510,2018-04-09 05:15:04.313
CASH,CAR,Cancelled,9051,2018-04-09 11:05:53.638
CASH,CAR,Cancelled,7897,2018-04-09 02:31:23.378
CASH,CAR,Cancelled,1687,2018-04-07 23:29:33.542
CASH,CAR,Cancelled,9541,2018-04-08 14:32:06.897
CASH,CAR,Cancelled,1091,2018-04-08 10:14:29.079
CASH,CAR,Cancelled,5757,2018-04-08 01:37:18.709
CASH,CAR,Cancelled,3464,2018-04-08 10:49:24.930
CASH,CAR,Cancelled,4572,2018-04-08 11:54:54.575
CASH,CAR,Cancelled,9122,2018-04-08 02:00:48.498
CASH,CAR,Cancelled,6097,2018-04-08 05:50:53.772
CASH,CAR,Cancelled,7679,2018-04-08 06:05:09.233
CASH,CAR,Cancelled,8720,2018-04-08 10:11:49.629
CASH,CAR,Cancelled,4403,2018-04-08 03:41:30.865
CASH,CAR,Cancelled,4544,2018-04-09 11:28:24.142
CASH,CAR,Cancelled,4375,2018-04-09 04:19:41.516
CASH,CAR,Cancelled,9226,2018-04-08 20:34:04.222
CASH,CAR,Cancelled,5448,2018-04-06 09:06:50.940
CASH,CAR,Cancelled,8379,2018-04-06 14:18:17.422
CASH,CAR,Cancelled,595,2018-04-09 01:22:30.929
CASH,CAR,Cancelled,1826,2018-04-09 06:39:40.770
CASH,CAR,Cancelled,7733,2018-04-09 13:46:58.388
CASH,CAR,Cancelled,6788,2018-04-08 20:58:22.023
CASH,CAR,Cancelled,9487,2018-04-06 12:11:34.654
CASH,CAR,Cancelled,4169,2018-04-05 23:34:49.740
CASH,CAR,Cancelled,7165,2018-04-06 03:40:59.530
CASH,CAR,Cancelled,3566,2018-04-05 20:47:46.837
CASH,CAR,Cancelled,1903,2018-04-06 05:42:27.186
CASH,CAR,Cancelled,2431,2018-04-06 09:51:20.347
CASH,CAR,Cancelled,9987,2018-04-06 13:00:48.942
CASH,CAR,Cancelled,5189,2018-04-06 13:58:55.244
CASH,CAR,Cancelled,9610,2018-04-04 16:34:28.559
CASH,CAR,Cancelled,8082,2018-04-04 03:33:22.160
CASH,CAR,Cancelled,733,2018-04-04 06:49:00.329
CASH,CAR,Cancelled,7584,2018-04-04 13:02:00.097
CASH,CAR,Cancelled,1773,2018-04-04 05:41:19.930
CASH,CAR,Cancelled,6067,2018-04-04 16:50:32.120
CASH,CAR,Cancelled,9587,2018-04-04 08:14:24.575
CASH,CAR,Cancelled,9949,2018-04-07 09:22:04.705
CASH,CAR,Cancelled,804,2018-04-07 15:18:51.271
CASH,CAR,Cancelled,58,2018-04-07 08:13:39.455
CASH,CAR,Cancelled,3893,2018-04-04 08:51:48.943
CASH,CAR,Cancelled,7750,2018-04-03 19:29:26.775
CASH,CAR,Cancelled,6875,2018-04-07 06:20:06.222
CASH,CAR,Cancelled,9218,2018-04-07 15:58:38.519
CASH,CAR,Cancelled,9057,2018-04-07 04:39:02.145
CASH,CAR,Cancelled,1503,2018-04-07 15:41:36.732
CASH,CAR,Cancelled,6474,2018-04-05 12:38:53.735
CASH,CAR,Cancelled,6034,2018-04-05 12:22:21.001
CASH,CAR,Cancelled,9028,2018-04-04 23:28:31.010
CASH,CAR,Cancelled,319,2018-04-05 12:57:14.550
CASH,CAR,Cancelled,7244,2018-04-05 05:24:41.647
CASH,CAR,Cancelled,6571,2018-04-04 23:34:03.286
CASH,CAR,Cancelled,3421,2018-04-05 12:48:00.841
CASH,CAR,Cancelled,3295,2018-04-05 14:32:46.813
CASH,CAR,Cancelled,6234,2018-04-04 09:09:48.667
CASH,CAR,Cancelled,6201,2018-04-04 08:14:35.676
CASH,CAR,Cancelled,167,2018-04-04 15:24:45.121
CASH,CAR,Cancelled,4036,2018-04-05 12:44:52.682
CASH,CAR,Cancelled,3913,2018-04-05 06:13:30.112
CASH,CAR,Cancelled,7311,2018-04-05 15:57:44.428
CASH,CAR,Cancelled,9451,2018-04-05 14:15:24.875
GOPAY,CAR,Cancelled,3670,2018-04-10 06:28:19.479
GOPAY,CAR,Cancelled,5746,2018-04-09 01:33:11.348
GOPAY,CAR,Cancelled,2600,2018-04-09 09:16:04.545
GOPAY,CAR,Cancelled,6522,2018-04-08 11:27:01.259
GOPAY,CAR,Cancelled,4617,2018-04-08 05:16:51.549
GOPAY,CAR,Cancelled,2929,2018-04-08 05:54:02.300
GOPAY,CAR,Cancelled,6399,2018-04-09 13:36:46.543
GOPAY,CAR,Cancelled,3811,2018-04-09 14:01:05.030
GOPAY,CAR,Cancelled,696,2018-04-06 01:53:38.556
GOPAY,CAR,Cancelled,6864,2018-04-06 09:40:56.301
GOPAY,CAR,Cancelled,7338,2018-04-09 04:15:41.450
GOPAY,CAR,Cancelled,2618,2018-04-08 23:41:29.119
GOPAY,CAR,Cancelled,2500,2018-04-06 08:21:46.862
GOPAY,CAR,Cancelled,1780,2018-04-06 06:44:32.393
GOPAY,CAR,Cancelled,1664,2018-04-06 16:24:12.236
GOPAY,CAR,Cancelled,1112,2018-04-04 16:02:05.875
GOPAY,CAR,Cancelled,3043,2018-04-07 08:16:20.273
GOPAY,CAR,Cancelled,2100,2018-04-07 14:20:02.585
GOPAY,CAR,Cancelled,3956,2018-04-07 16:12:07.123
GOPAY,CAR,Cancelled,3405,2018-04-07 11:52:15.568
GOPAY,CAR,Cancelled,4081,2018-04-05 03:42:46.964
GOPAY,CAR,Cancelled,8933,2018-04-05 11:05:06.779
GOPAY,CAR,Cancelled,180,2018-04-04 03:37:22.840
CASH,CAR,Cancelled,1760,2018-04-10 14:37:06.090
CASH,CAR,Cancelled,8541,2018-04-10 01:00:27.018
CASH,CAR,Cancelled,7386,2018-04-10 13:15:52.860
CASH,CAR,Cancelled,5774,2018-04-08 23:32:35.639
CASH,CAR,Cancelled,5752,2018-04-08 23:41:51.432
CASH,CAR,Cancelled,9021,2018-04-09 03:52:09.043
CASH,CAR,Cancelled,2360,2018-04-09 09:36:03.394
CASH,CAR,Cancelled,3253,2018-04-08 11:52:44.051
CASH,CAR,Cancelled,4220,2018-04-08 06:15:21.772
CASH,CAR,Cancelled,65,2018-04-08 09:35:27.816
CASH,CAR,Cancelled,6375,2018-04-08 10:37:54.891
CASH,CAR,Cancelled,688,2018-04-08 11:50:41.905
CASH,CAR,Cancelled,7291,2018-04-08 12:16:50.191
CASH,CAR,Cancelled,4686,2018-04-08 09:16:59.486
CASH,CAR,Cancelled,1817,2018-04-08 02:55:05.236
CASH,CAR,Cancelled,2870,2018-04-08 15:51:11.369
CASH,CAR,Cancelled,1605,2018-04-08 04:02:13.849
CASH,CAR,Cancelled,9363,2018-04-08 08:35:01.432
CASH,CAR,Cancelled,3344,2018-04-09 10:01:11.576
CASH,CAR,Cancelled,7550,2018-04-09 05:49:20.801
CASH,CAR,Cancelled,2247,2018-04-09 15:37:37.640
